<?xml version="1.0" encoding="UTF-8"?>
<project-private xmlns="http://www.netbeans.org/ns/project-private/1">
    <editor-bookmarks xmlns="http://www.netbeans.org/ns/editor-bookmarks/2" lastBookmarkId="3">
        <file>
            <url>src/clientGUI.java</url>
            <bookmark id="2">
                <name/>
                <line>118</line>
                <key/>
            </bookmark>
            <bookmark id="3">
                <name/>
                <line>1672</line>
                <key/>
            </bookmark>
        </file>
    </editor-bookmarks>
    <open-files xmlns="http://www.netbeans.org/ns/projectui-open-files/2">
        <group>
            <file>file:/C:/Users/user/Documents/NetBeansProjects/pulsaKita%201/src/clientGUI.java</file>
            <file>file:/C:/Users/user/Documents/NetBeansProjects/pulsaKita%201/src/serverGUI.java</file>
            <file>file:/C:/Users/user/Documents/NetBeansProjects/pulsaKita%201/src/loginGUI.java</file>
        </group>
    </open-files>
</project-private>
